BV号,标题,UP主,UP主ID,播放量,弹幕数,点赞数,投币数,收藏数,分享数,时长秒,发布时间戳,分区,简介,排行榜分区,点赞率,投币率,收藏率,发布日期,时长分钟
BV16io9YTEqH,《崩坏：星穹铁道》动画短片：「那安息的长夜」,崩坏星穹铁道,1340190821,6610925,71852,506033,340468,179460,111248,1798,1743393600,手机游戏,"穿戴起令生命止步的王冠
死神也钟爱于低垂的眼帘
行过欢送的宫殿
与亡者的世界相连
 
在寒溟与葬仪声中
夜以继日地
俯身在这片雪土
成为此处唯一的歌
 
所有的叹息都从她的指尖涌出
所有的慰语都因她的",游戏,0.07654496155984224,0.051500811157288884,0.027145974277427137,2025-03-31 04:00:00,29.966666666666665
BV1HTZpYSExJ,《绝区零》星徽骑士EP丨拂晓之空 闪耀之誓,绝区零,1636034895,2040447,30448,240363,64588,37238,25483,250,1743472800,手机游戏,"黑色的星云正在暗中吞噬我们的世界，
以及那名为希望的光芒...

看！闪耀银河的徽章正在共鸣！
听！一阵强劲的音乐正在响起！

集合吧！驾驭星辰之力的战士们！
向群星宣誓，为守护而战！

▼ 制作名单",游戏,0.1177991881190739,0.03165384839694439,0.01824992268850894,2025-04-01 02:00:00,4.166666666666667
BV1JcZtYFEDq,《鸣潮》0.1版本PV | 缩拉里斯,鸣潮,1955897084,3218157,29055,280012,87887,46754,48995,71,1743476833,手机游戏,"……哦！？共鸣者们的样子……！
怎么都变小了！？

《鸣潮》全新0.1版本「缩拉里斯」，将不开启！马上前往官网，也下载不到。敬请期待！",游戏,0.08701004954077753,0.027309730382949,0.01452819113548531,2025-04-01 03:07:13,1.1833333333333333
BV1H5Z4YhEsn,海龟汤（2）,高斯Goh,3913194,10154681,35564,313746,111358,167543,6033,707,1743566400,桌游棋牌,"希望你喜欢这次的视频，这次玩了海龟汤。 
游戏的规则很简单： 
主持人会说故事的开头， 其他人需要通过问问题，来还原事情的全貌 
主持人只能回答是或不是、不重要、不知道等 
当故事猜得差不多时，主持人",游戏,0.030896686956488343,0.010966174122062525,0.016499090419482405,2025-04-02 04:00:00,11.783333333333333
BV1NLZHYxEdH,《ARK no NIGHTS》即将上映,明日方舟,161775300,2057011,11615,156005,44411,25387,54215,105,1743472800,手机游戏,"《ARK no NIGHTS》即将上映

详细活动玩法介绍请关注后续官方自媒体相关内容。",游戏,0.07584062506228698,0.021590064418712394,0.012341693846070829,2025-04-01 02:00:00,1.75
BV1GyZYYNErW,我的世界克苏鲁全集：一口气看完,这名玩家,411581408,24930430,11841,333621,72864,745095,5845,4236,1743289515,单机游戏,-,游戏,0.013382079651253508,0.002922693270834077,0.029886969458609417,2025-03-29 23:05:15,70.6
BV1GEZEYdEwn,《王 牌 空 姐》,老番茄,546195,3875912,8428,162809,23857,33540,2848,1447,1743415200,单机游戏,游戏：Cabin Crew Life Simulator,游戏,0.042005339646514164,0.006155196506009424,0.008653447240288221,2025-03-31 10:00:00,24.116666666666667
BV19AZWY3EHr,发个旧视频证明还在永久免费,慕讯公益,341626328,1625299,956,132597,86951,85426,11870,243,1743448031,网络游戏,"官网：mxfree.ao-x.ac.cn
慕讯官方公众号：慕讯
慕讯官方腾讯频道：慕讯生活频道
希望理解 开发者就俩 一个网站服务器一个软件数据库 实在没时间录新视频打理",游戏,0.08158314254792502,0.0534984639749363,0.05256017508163113,2025-03-31 19:07:11,4.05
BV1eqZJYaESc,“我花了5年一个人做的独立像素游戏4月17日就要上线啦！”,换影循迹官方,3546796078925892,3389379,38234,693090,161893,131945,7769,45,1743419846,单机游戏,"耗时五年，一人绘制的像素风解谜独立游戏《换影循迹》下个月4月17日正式登录Steam!

来玩玩我的Demo吧：https://store.steampowered.com/app/1928690/B",游戏,0.20448878688396901,0.0477647970321407,0.038928960142846226,2025-03-31 11:17:26,0.75
BV17tZhYMEDq,射手，我们该算算旧账了！,尴尬的铁根er,405370021,5069895,2296,144671,5193,13011,4537,204,1743504206,手机游戏,-,游戏,0.02853530497179922,0.0010242815679614666,0.0025663253380987182,2025-04-01 10:43:26,3.4
BV1qKZzYsECv,最感动结局《说谎公主与盲眼王子》,谢谢我很喜欢丨,190093869,6799377,2162,232062,41001,281387,14114,442,1743334969,单机游戏,,游戏,0.03412989160624569,0.006030111288137133,0.041384232702496124,2025-03-30 11:42:49,7.366666666666666
BV1bRZWYiEmb,4月1日版本更新速览丨新干员新武器即将加入！,三角洲行动,3494376565115651,2320468,3216,90762,6161,44454,23805,187,1743472800,网络游戏,"《牛角洲行动》4月1日更新，犄角墙饰道具即将移除，新武器、新干员一同加入！
威牛：“4月1日开启全新集市兑换配方哦，错过等一年！”",游戏,0.039113661554479526,0.00265506785700126,0.019157342398171403,2025-04-01 02:00:00,3.1166666666666667
BV1pJfNYrExn,当我在游戏里为“狙击手”拍照...【绝区零摄影第六期】,语堂天天啃土,74166016,2415076,754,289490,65051,76995,14295,172,1743573419,手机游戏,,游戏,0.11986786337158747,0.026935384228073983,0.031880984283724406,2025-04-02 05:56:59,2.8666666666666667
BV1j4Z4YpELF,请选择你的穿搭！永劫无间新模式“衣V衣”实机演示,永劫无间官方,349984754,2678009,4859,75601,5782,10559,37818,162,1743479409,网络游戏,"你们不要再打了啦，要打穿上衣服来打！
玩腻了PVP和PVE？那就来场衣V衣的决斗吧！永劫无间全新衣V衣玩法，专为时尚对决而生。
在衣V衣模式活用衣服赋予你的技能，成为战场上最美的那颗星！多种战斗玩法同",游戏,0.02823030094372349,0.0021590666797609718,0.003942854560981685,2025-04-01 03:50:09,2.7
BV1EKZnYkEqB,双影奇境 第八期，大结局，鲤鱼Ace解说,鲤鱼Ace,15634833,9981261,17334,109560,30831,201902,935,6629,1743417874,单机游戏,"双影奇境 第八期，发现隐藏关卡 | 鲤鱼Ace，此平台唯一官方认证账号，无任何小号
---------【特别提醒】---------
⛔请勿在他人作品中提及我，包括所有平台
⛔请勿相信其他任何自称是我",游戏,0.0109765689926353,0.0030888882677248897,0.020228105446796752,2025-03-31 10:44:34,110.48333333333333
BV1tNfAYVEDT,【崩铁】遐蝶综合测评：死龙一喷！武器对比+抽取建议+配队思路+星魂提升，砍队友型大C,卡特亚,43222001,3326227,25909,153339,28274,30099,9927,1188,1743566400,手机游戏,,游戏,0.046099980548531413,0.00850032183612243,0.009048991545074945,2025-04-02 04:00:00,19.8
BV1anZnYAERq,牛奶奶才是唯一真神.丨恐怖游戏《地狱钱汤》重制版03,小熊flippy,8730238,750247,9556,57646,58786,18669,2198,2340,1743413279,单机游戏,,游戏,0.07683602866789203,0.07835552824603097,0.02488380493357521,2025-03-31 09:27:59,39.0
BV1QTZWYBE8W,还有12小时，我们做了4年的游戏就要上线了……,开放空间官方,3546391223732410,1352364,914,52297,6152,38100,3032,293,1743446194,单机游戏,正式上线前，我想把开放空间真正的玩法，以及它未来的样子，分享给你们,游戏,0.038670801648077,0.004549071108074453,0.028172888364375273,2025-03-31 18:36:34,4.883333333333334
BV1T2ZBYuEwV,大合集,和平精英毁约y,1165399150,4747827,254,11705,3115,97208,103,888,1743333316,网络游戏,-,游戏,0.002465338353735298,0.0006560896174186633,0.020474208516864663,2025-03-30 11:15:16,14.8
BV1VmZqYUE87,就算失败，我也想知道自己倒在距离终点多远的地方,阿喵的小生活,410421425,5592218,7484,610876,174571,31233,23549,77,1743327000,电子竞技,-,游戏,0.10923680013905038,0.03121677302279704,0.005585082698850438,2025-03-30 09:30:00,1.2833333333333334
BV1ubZnYoEQY,飞！！雷！！神！！！！,江肥肠,3493118460561869,11208635,1897,141378,6866,171961,1458,94,1743420600,单机游戏,mod作者：@雄某人Deam ,游戏,0.012613311076683289,0.0006125634388130223,0.015341832435439283,2025-03-31 11:30:00,1.5666666666666667
BV17bZhYqEY3,【明日方舟】我成整合运动了？愚人节关卡攻略合集！  |魔法Zc目录,魔法Zc目录,13164144,2012025,2183,58575,7282,11120,3426,1343,1743503475,手机游戏,,游戏,0.029112461326275766,0.003619239323567053,0.005526770293609672,2025-04-01 10:31:15,22.383333333333333
BV1GnZnYAEwx,“可是遐蝶姐姐的手明明很温暖啊...尽情拥抱吧.”【遐蝶×好想爱这个世界啊】,念北风_,432072948,958238,16508,110839,48021,53875,9395,200,1743412686,GMV,"“可是遐蝶姐姐的手明明很温暖啊...尽情拥抱吧.”【遐蝶×好想爱这个世界啊】

bgm：华晨宇-好想爱这个世界啊",游戏,0.11566959356652523,0.050113854804338796,0.056222984269043805,2025-03-31 09:18:06,3.3333333333333335
BV1wyZnY2Epy,全新邪门出装——冰冻亚瑟，能推塔能打团,磊哥游戏,268941858,1705388,1598,92410,3155,4821,1913,209,1743408587,手机游戏,全新邪门出装——冰冻亚瑟，能推塔能打团,游戏,0.05418708235310674,0.0018500188813337492,0.0028269226709698907,2025-03-31 08:09:47,3.4833333333333334
BV1ksZHYEEUD,谁懂打一半屏幕上出现好友电话的救赎感？【S渔女】,痒痒请安,40080351,2421324,924,126691,5459,40719,4549,333,1743433033,手机游戏,一切只是节目效果，大家排位还是很认真的~,游戏,0.05232302657554297,0.0022545516419942148,0.016816832443737394,2025-03-31 14:57:13,5.55
BV1AQZ4YKEXu,全球首杀！Phigros新愚人节魔王 Dlyrotz SP All Perfect！,沉默-_-微笑,406599529,1187231,30156,104659,24451,19717,14585,161,1743475586,音游,"难度高于2020-2022，低于2023和2024，在现在的环境下这个算比较简单的了
不过也算是我拿下的第一个首杀，很满意",游戏,0.08815386390685553,0.020594981094664812,0.01660755152114458,2025-04-01 02:46:26,2.683333333333333
BV1iFfTYAEGT,"工作时请不要忘记猫咪,否则会出大问题！",与山0v0,26240675,1424462,7189,88737,15287,21797,1574,3003,1743589271,单机游戏,"游戏：《猫好货坏》
日常更新游戏！
喜欢本期内容的观众朋友一定要点赞呀！感谢感谢！",游戏,0.062295098079134435,0.010731771012494541,0.015301917495868615,2025-04-02 10:21:11,50.05
BV1aCZHYKEpY,永远在追求极致的鸣潮！“二游有很多难忘瞬间，你游未免太多了吧！”,哇周某人,175333301,830755,2339,122900,70151,51268,5231,241,1743566400,GMV,"鸣潮，永远在进步的一款二游！
（与@晓洛不要长肉肉 共创视频 大家点点关注！）
用心制作了很久的一期视频 不想凉了……想让更多人知道鸣潮，想上个推荐，希望路过的你能一键三连吧，感谢大家的支持！
审核辛",游戏,0.14793771930352512,0.08444246498666876,0.06171253859441111,2025-04-02 04:00:00,4.016666666666667
BV154Z4YpEid,真刺激，真定档！暗区突围端游国服4月29日正式上线！,暗区突围无限,3546578394548722,1142730,316,39630,1491,4915,3707,167,1743502005,网络游戏,"各位先锋：

自暗区突围端游项目启动至今，我们始终铭记每一份信任与陪伴。无论是硬核测试的反馈，还是对游戏发展方向的建言，你们的热情与坚持，都让卡莫纳愈发真实鲜活。

今天，我们很高兴地向大家宣布：暗区",游戏,0.03468010816203303,0.0013047701556798193,0.0043011034977641265,2025-04-01 10:06:45,2.783333333333333
BV13yZhY4Ey6,蛋仔奖励时间点❗️最全攻略收好❗️,蛋仔派对芒果,402951672,1247890,18,11780,4532,119776,117,61,1743506091,手机游戏,蛋仔奖励时间点❗️最全攻略收好❗️,游戏,0.00943993460962104,0.0036317303608491133,0.09598281899846942,2025-04-01 11:14:51,1.0166666666666666
BV1Y6ZJY8EeE,《原神》过场动画-「菇菇餮宴」,原神,401742377,872451,1524,81288,13705,15368,2938,518,1743480000,手机游戏,"有时巨大的危机只需要最简单的办法解决。
肚子菇菇叫，准备开饭咯。

中文CV：
瓦雷莎——乔苏
空——鹿喑
派蒙——多多

日文CV：
瓦雷莎——M・A・O
空——堀江瞬
派蒙——古贺葵

《原神》b",游戏,0.09317199475959108,0.01570861859290665,0.01761474283369496,2025-04-01 04:00:00,8.633333333333333
BV1dmZtYoEWd,【亚某爆料时间】公孙离FMVP新皮肤【云诺千山】爆料来袭！,王者荣耀,57863910,1253114,7824,26485,2924,3990,24993,241,1743503825,电子竞技,"首个发育路FMVP皮肤4月3日上线！
在2023王者世冠KIC总决赛中，成都AG超玩会获得冠军，发育路选手成都AG超玩会.一诺（徐必成）拿到FMVP，并选择曾打出射手开团高光操作的公孙离作为FMVP皮",游戏,0.021135347622004065,0.00233338706614083,0.0031840678501716523,2025-04-01 10:37:05,4.016666666666667
BV1MKZbY1EBP,【ARK no NIGHTS】AK-1至AK-8全关卡满星通关攻略 简单好抄（愚人节活动：反抗者之辉：决战罗德岛！ARKnoKNIGHTS））,萧然Q,31009079,1328328,1162,25138,9722,4562,1770,1498,1743498740,手机游戏,"全关卡：AK-1 AK-2 AK-3 AK-4 AK-S-1 AK-5 AK-6 AK-7 AK-S-2 AK-8
咕咕",游戏,0.018924542733421264,0.007318975433778404,0.003434392710234219,2025-04-01 09:12:20,24.966666666666665
BV1m6ZiYeERy,你的破军确实挺不错的，拿来吧你！！！,佐悠-Leisurely,262503053,3242345,917,109291,9610,49429,2637,192,1743328800,电子竞技,"喜欢本期视频就给阿婆主点个三连叭！谢谢力！
呃！我不打扰！
我走了哈！",游戏,0.033707393876962505,0.0029639042113038558,0.015244830516185045,2025-03-30 10:00:00,3.2
BV1i3ZnYuEU6,全网最细自定义准星调试方法 助你腰射脱胎换骨！,旧安和平精英,1243721223,2008075,48,22140,5016,138075,223,76,1743411198,手机游戏,-,游戏,0.011025484605903664,0.0024979146695218056,0.0687598819765198,2025-03-31 08:53:18,1.2666666666666666
BV1ZYZyY3EWS,"Pi,mc,极限生存OVA",少年Pi,13046,389820,5757,41288,32622,13073,4450,2519,1743436800,单机游戏,"十年前的皮肤软件也连不上官网了
长视频也跟不上这个时代了

在愚人的节日
抽一张愚人的卡吧
0—The Fool",游戏,0.10591555076702068,0.08368477758965677,0.03353599097019137,2025-03-31 16:00:00,41.983333333333334
BV1b4ZrYUEef,扫除游戏健康生态“新害虫”，米哈游协助警方斩断“游戏账号非法租售黑灰产”链条,米哈游法务部,3546861952567358,991522,0,173280,28394,9825,15384,47,1743383400,手机游戏,违规租售账号行为正成为破坏当前游戏健康生态的“新害虫”。不法商家在互联网通过非法渠道获取公民个人信息，用于批量注册游戏账号，并使用外挂、脚本刷取资源后高价售卖账号牟利，破坏游戏安全和公平性，损害玩家游,游戏,0.1747616290914372,0.02863678264324947,0.009909008574696275,2025-03-31 01:10:00,0.7833333333333333
BV11WZxYvE35,！奇 曲 蛊 整,卡丘啊那个卡丘,12481638,1689444,569,171340,2310,20785,1732,51,1743468600,单机游戏,"啊哈！哈哈哈哈！
喜欢的话不妨点下赞哦！
快点！！点赞点赞点赞点赞点赞点赞点赞点赞点赞点赞！！",游戏,0.1014179813003568,0.001367313743456427,0.012302864137550579,2025-04-01 00:50:00,0.85
BV1GnZnYAEtn,《奥恩会惩罚那些小瞧他的人》——山羊VS刀妹,三桥qzg,358607628,1018380,4664,87361,17734,2303,539,321,1743413769,网络游戏,,游戏,0.08578428484455704,0.017413931931106266,0.002261434827863862,2025-03-31 09:36:09,5.35
BV1X8fMYhENU,王老菊教你二次元魂油01：可以取消的巨剑,怕上火暴王老菊,423895,1352196,13811,44882,36380,12817,4172,3992,1743603403,单机游戏,,游戏,0.03319193371375156,0.026904383684022138,0.009478655461190538,2025-04-02 14:16:43,66.53333333333333
BV15DZzYsEG4,专练胸大肌,Z贤者,499951416,2005457,2864,46730,2564,31289,4643,348,1743325865,单机游戏,-,游戏,0.023301422069882324,0.00127851158115083,0.01560193013363039,2025-03-30 09:11:05,5.8
BV1HdZ7YrEdt,草里面怎么冒蓝光？,吹散z,1441572748,1496072,238,98283,4916,33553,1242,188,1743412800,手机游戏,"这期是喵喵子剪的哈 她有个梦想就是到一万粉
大家给喵喵子点点关注 这样就能第一时间看到我的下饭切片和疯子四排啦",游戏,0.06569403076857264,0.003285938109930538,0.0224273965424124,2025-03-31 09:20:00,3.1333333333333333
BV1fAZtYoEnW,大海贼时代降临,王者木木子,672436862,2449351,576,196036,7049,26604,14662,43,1743477425,电子竞技,-,游戏,0.08003589522285699,0.0028779052083592756,0.010861652739848229,2025-04-01 03:17:05,0.7166666666666667
BV1CEZHYpEyf,三叶大嘴花，僵尸吹进嘴！,潜艇伟伟迷,97213827,1458948,814,64208,1895,2740,679,284,1743476400,单机游戏,"新植物：三叶大嘴花
白卡，价格150，冷却15秒
当前方一行范围内有可吞噬的小体型僵尸时，转动扇叶将其吸过来吃掉；
消化完毕时向前吹风，对本行前方的全部小体型僵尸造成2格击退。",游戏,0.04400979335795381,0.0012988811115954783,0.0018780655650509819,2025-04-01 03:00:00,4.733333333333333
BV11mZBYqEbS,评分4.3！没有人类了！Ave Mujica颂乐人偶完结吐槽！,瓶子君152,730732,4447283,12498,196110,71375,48735,38611,837,1743333255,手机游戏,点个关注再走吧,游戏,0.04409658661254523,0.016049124825202266,0.010958376159106583,2025-03-30 11:14:15,13.95
BV1HXZ4YvEUm,载入史册！100%减伤，弑神三星五费。,云顶猫咪,482818849,1325911,450,36753,13645,1622,1441,296,1743478158,电子竞技,"欢迎加入团子大家族
热爱云顶
深度研究每一张低费卡的玩法，发掘到极致。
专注于整活类、赌狗类视频，分享不一样的玩法。

BGM：可以用某狗听音识曲
努力每天更新。
评论区每一条都会点赞、回复。
重要的",游戏,0.027719055049697905,0.010291037633747665,0.0012233098601640683,2025-04-01 03:29:18,4.933333333333334
BV1BHZ4YdE6k,2025年的FPS游戏画质应该是怎样的？,黑镖客梦回,10558098,1133308,854,41638,1292,4746,1953,396,1743504002,单机游戏,"期待已久的暗区端游终于上了，
感兴趣的朋友4月29号可以关注一波",游戏,0.03674023301697332,0.0011400254829225594,0.004187740667144325,2025-04-01 10:40:02,6.6
BV1TQZhYQEXe,明明开发的是游戏！玩家却催厂商去做卫生巾？,张子zi,85649095,1734969,5131,42638,2634,5798,2202,295,1743328800,手机游戏,,游戏,0.024575655242255048,0.001518182745628308,0.003341846453740672,2025-03-30 10:00:00,4.916666666666667
BV1ZGZnYBEHg,“你们可能不相信，但这就是绝区零玩家的日常”,ODer刹,101671287,1241578,551,160322,44829,51543,3550,77,1743418800,手机游戏,制作不易 还请三连鼓励支持！,游戏,0.12912761018639182,0.03610647095873155,0.041514105436790925,2025-03-31 11:00:00,1.2833333333333334
BV1cyZnY2Eu7,并不是当上火影才能被认可 而是被认可的人才能成为火影 去年顶着黑眼圈兢兢业业做忍者的千代 也许也曾天真的以为 只要自己足够努力就能让火影圈变得更好...,是古灵大天才,487969417,1043709,18962,129598,7928,14436,2234,10,1743408689,手机游戏,-,游戏,0.12417062610363616,0.0075959870040403984,0.013831441522493338,2025-03-31 08:11:29,0.16666666666666666
BV1v9oZY3Efq,价值129的MC官方食谱，能还原MC的食物吗？【游戏之外】,史蒂猪StevenPig,390527713,3336242,2728,213249,15852,47896,5056,571,1743210000,单机游戏,"好久不见，我回来啦！
接下去我会努力持续运营的，希望大家多多照顾猪猪，比较不擅长的领域，也希望多多谅解~",游戏,0.06391892434661514,0.00475145388134314,0.014356272716427644,2025-03-29 01:00:00,9.516666666666667
BV1p6ZnYJEio,盘点地铁逃生4月8号新版本更新六个优化？提前了解新版本改动！,千阳的地铁逃生,650368847,1299083,399,5918,1188,49274,88,151,1743415249,网络游戏,一键三连加投币是对主播最大的帮助！再次感谢各位小伙伴的支持与陪伴，关注主播看地铁新版本玩法教学攻略不迷路,游戏,0.004555521086797379,0.0009144912218849758,0.03792983204306422,2025-03-31 10:00:49,2.5166666666666666
BV184ZrYUEwt,挑战拿捏个大主播酷二狗 vs 卤蛋,地铁逃生丨一哥,1864466988,5078726,89,6274,1502,53872,80,1009,1743343268,手机游戏,,游戏,0.0012353491800896523,0.000295743460072467,0.010607384607872132,2025-03-30 14:01:08,16.816666666666666
BV15dZEYhErZ,和几十名玩家一起，吃一顿欠了十二年的饭,小橙子姐姐解说,35734399,695114,252,72209,648,7531,173,258,1743391922,网络游戏,@逆战未来  逆战未来快过来~两只耳朵竖起来！,游戏,0.10388080228566825,0.0009322211896178181,0.010834194103413254,2025-03-31 03:32:02,4.3
BV1BiZWYUEXi,融合植物203：重装窝炬与焱爆窝瓜！,蓝飘飘fly,3546619314178489,787924,1687,35122,3888,3371,565,577,1743462000,单机游戏,"难度6：皮肤挑战限定，
在难度5的基础上：
僵尸血量+40%
第一波僵尸到达时间：15秒→3秒
自然刷怪更新的间隔：30秒→10秒

皮肤系统
究极樱桃机枪射手→樱桃指挥官
究极火爆窝炬→重装窝炬
火",游戏,0.04457536513673908,0.004934486067184145,0.004278331412674319,2025-03-31 23:00:00,9.616666666666667
BV1vNZqY7EK6,绝密巴克什跑刀凑战备教学,小懿暗区导师,481672548,1820309,351,73102,19050,166264,1883,161,1743316906,手机游戏,-,游戏,0.040159115842420164,0.010465256173539767,0.09133833871062551,2025-03-30 06:41:46,2.683333333333333
BV1V9ZzYpENN,赛博败家子儿星铁：送240万设定集，把印刷厂整破防了｜顺便讲点背后的商业逻辑,退役编辑雨上,1105429038,1856915,4754,99824,7747,14714,13274,542,1743326160,网络游戏,240万设定集，1亿成本，传统出版直接炸穿。背后其实藏着一套完整的用户运营策略。,游戏,0.05375798030604524,0.004171973407506536,0.007923895277920636,2025-03-30 09:16:00,9.033333333333333
BV15dZrYfEfk,我们真是太有凝聚力了！,白泽-三角洲行动,3493274574653579,3754526,242,75179,2611,62703,315,201,1743392400,网络游戏,,游戏,0.020023566223805616,0.0006954273322384769,0.016700643436748073,2025-03-31 03:40:00,3.35
BV1hoZqYkEp3,【鸣潮摄影】震撼圈外人，二游场景已经进化成这样了吗？!,洛灯盏,52836988,883203,579,74560,13871,17412,6403,224,1743325200,手机游戏,-,游戏,0.08442000310234453,0.01570533614582378,0.019714606947666618,2025-03-30 09:00:00,3.7333333333333334
BV19RZEYcEBx,爆肝200小时！诚意巨制《死亡搁浅》电影版,凯文不是大叔,24738225,981564,4061,64665,48253,59504,6597,4164,1743501600,单机游戏,"“逐帧剪辑，聚焦故事核心。”

剧情梳理：凯文不是大叔 疯不觉Cool
剪辑/额外镜头拍摄：凯文不是大叔
动作演员：疯不觉Cool
字幕：小玄月啦

-------------------------",游戏,0.06587955548491999,0.049159300870855085,0.060621620189819515,2025-04-01 10:00:00,69.4
BV1n8ZvYpE1b,番茄赤石天花板！《白蛇》：这是人类能写出来的小说？？？【赤石网文02】,千月的书屋,313507,2997011,12088,107374,4442,24990,18199,737,1743300607,单机游戏,道爷我成辣！哈哈哈哈,游戏,0.0358270289965569,0.001482143375516473,0.008338307733938915,2025-03-30 02:10:07,12.283333333333333
BV1FufKYMEQ3,木叶特别情报，宇智波泉奈技能抢先看！,火影忍者手游情报君,441897078,1201527,22065,24885,985,3334,3232,516,1743597655,手机游戏,多重斩击看穿破绽，完美格挡利刃出鞘，宇智波流剑术高手宇智波泉奈免费送！泉奈技能抢先看！,游戏,0.020711145067901095,0.0008197901503669914,0.002774802397282791,2025-04-02 12:40:55,8.6
BV1hSZHYwEP2,我的世界：替代品危机之黎明的反击,哎呀是小米蕉wow,35176176,2813631,65,3959,675,23203,67,497,1743462000,网络游戏,我的世界：替代品危机之黎明的反击,游戏,0.0014070786112322475,0.00023990352679509146,0.008246639307002233,2025-03-31 23:00:00,8.283333333333333
BV1GWZnYcELC,新干员终于来啦！突击位里唯一的残疾登场！鼠不如蜂医，攻不如花来威龙「三角洲行动」,Key725,11332884,881449,1183,19816,320,2216,4291,257,1743413501,网络游戏,,游戏,0.02248116453702937,0.00036303858759837495,0.0025140422191187463,2025-03-31 09:31:41,4.283333333333333
BV1seZEY1EPS,充满遗憾！燕云河西版本到底讲了什么？,利维坦mY,7946432,611178,1344,26558,5556,4752,2071,440,1743413400,手机游戏,"燕云这次的新地图，大家都玩了吗？
这期就一次讲明白隐藏暗线！",游戏,0.04345378923979593,0.009090641351619333,0.007775148974603144,2025-03-31 09:30:00,7.333333333333333
BV1jbZbYfECH,盖伦的公式对线,峡谷混学家,2119811581,1194639,1141,50127,4808,1617,590,318,1743501600,电子竞技,大家愚人节快乐！如果看的开心别忘了给个三连！！！！！,游戏,0.04195995610389415,0.004024646776139068,0.0013535469710933595,2025-04-01 10:00:00,5.3
BV15oZ8Y8ERG,斥巨资暴力拿下金色大象！皮卡新皮肤测评来咯！,错眉,255117360,529627,1209,48382,28915,3344,1150,1864,1743509399,手机游戏,"BGM：XAN$X - PSYCHEDELIC/Max Oazo,Moonessa - Once Upon A Time (House Mix)/PUUSUN - Bushido (武士道)/Toby",游戏,0.09135108293195023,0.054595026310969796,0.006313877502468718,2025-04-01 12:09:59,31.066666666666666
BV1GqZbYWEM5,【A隐】雷霆半月斩最细教学,拉不住你的心弦,510286136,1442952,385,84655,7629,70822,6229,167,1743493588,手机游戏,,游戏,0.058667925197788975,0.005287078156445952,0.04908132772261309,2025-04-01 07:46:28,2.783333333333333
BV1uaZpYYEYL,【火兰短报】甲亢哥中国游，永劫春季赛，上周发生了什么乐子？,火兰朋克,508215481,681338,2109,24015,4686,2166,675,825,1743427751,电子竞技,,游戏,0.035246823162659355,0.006877643695199739,0.003179038891123055,2025-03-31 13:29:11,13.75
BV1qgZrY8EHC,一个营造恐怖氛围的模组被我玩成了CQB模组,灵厄是狼,457287066,1045893,276,39997,331,5023,483,106,1743341809,单机游戏,,游戏,0.03824196165382118,0.00031647596838299904,0.00480259452926829,2025-03-30 13:36:49,1.7666666666666666
BV1hXZcYzE3K,吕布你敢不敢躲草丛里突然跳出来吓大货车一跳,风槐a,1712876366,3610943,414,252926,4693,42959,13677,85,1743234108,电子竞技,-,游戏,0.07004430698573752,0.0012996605041951646,0.01189689230763266,2025-03-29 07:41:48,1.4166666666666667
BV1FFZ8YBEZY,《原神》希诺宁、西特菈莉绝对是影帝级的！阿乔真的太惨了,一位旅行者的账号,507761646,406262,163,45447,664,18003,664,97,1743490741,GMV,-,游戏,0.1118662341050849,0.001634413260408308,0.04431376796254634,2025-04-01 06:59:01,1.6166666666666667
BV1woZbY6Eeo,你知道小丑阿巴为什么说想要永远守护斯黛拉吗？,蛋仔阿查,3493298448632004,3939896,125,17498,11944,135871,70,104,1743490300,手机游戏,-,游戏,0.004441233981810688,0.003031552101882892,0.034485935669367924,2025-04-01 06:51:40,1.7333333333333334
BV1KuZ6YGEN7,0号大坝来袭，扶贫炸裂内容来袭,老6理包霍金,1280231019,3239546,706,44461,1806,20038,373,681,1743489808,网络游戏,二哈电竞缺打手，跑刀崽，3X3专业选手，太缺了,游戏,0.013724453982132064,0.0005574855242061696,0.006185434625716073,2025-04-01 06:43:28,11.35
BV1G8ZsYkEUG,【怪物猎人荒野】什么？荒野里有爆鳞龙？,TeamDarkside,399710787,1330449,498,38522,2345,5390,22470,102,1743494400,单机游戏,"火龙：你们相信我，我真在绯红森林遇到爆鳞龙了！

愚人节整活视频，希望你们喜欢！",游戏,0.028954135032609293,0.0017625628641157985,0.004051263896624373,2025-04-01 08:00:00,1.7
BV1ASZ4YqE21,明日S14开服玩什么？11套强势阵容推荐！【云顶之弈】【金铲铲之战】,林小北Lindo,18343134,850323,226,14391,2277,6223,3039,280,1743503400,电子竞技,"如果有帮助不要忘记3连哦！
不知道玩什么的
可以关注公众号林小北Lindo
新赛季阿北会第一时间
更新可以玩的阵容推荐",游戏,0.016924157055612985,0.0026778059631457694,0.007318395480305719,2025-04-01 10:30:00,4.666666666666667
BV1T3ZJYnEiZ,蛋仔派对：冈易你就跟玩家学吧！这才是玩家想要的福利！,醒醒点灯呐,1539373863,1073274,11,19295,3015,95614,46,125,1743411000,手机游戏,蛋仔派对：冈易你就跟玩家学吧！这才是玩家想要的福利！,游戏,0.017977701872960678,0.0028091615002320005,0.08908629110553316,2025-03-31 08:50:00,2.0833333333333335
BV1i3ZEYhEDV,迅如疾风，动若雷霆！战场上的红色战神！-远见传奇【达奇】战锤40K故事,达奇上校,157761,730533,7021,29484,11218,5370,1022,1598,1743418800,单机游戏,"喜欢我的话，可以看看我的其他系列作品哟哟
关注不迷路：https://space.bilibili.com/157761/video
科幻电影系列：https://www.bilibili.com/v",游戏,0.04035957307883422,0.01535591136882249,0.007350797294578069,2025-03-31 11:00:00,26.633333333333333
BV1H6ZuYSEYh,《镭明闪击》塔攻测试PV：你为人类盗来火种，人类可曾歌颂过你？,镭明闪击官方,538904132,971894,98,13618,1263,4866,589,72,1743559200,单机游戏,"“你为人类盗来火种，人类可曾歌颂过你？”
如今，战火再起，点亮泽诺斯号
残破的世界依旧呼唤着那位曾为希望而战的英雄
“英雄之所以为英雄，不在于身份而在于选择”
「塔攻测试」即将于4月10日正式开启
测",游戏,0.014011816103402222,0.001299524433734543,0.005006718839708857,2025-04-02 02:00:00,1.2
BV1sPZfYtEbH,新赛季典韦出装铭文！,贝利亚--倪岚,509709423,1463375,67,35895,5026,89908,570,88,1743532222,电子竞技,-,游戏,0.024528914324762962,0.00343452635175536,0.061438797300760226,2025-04-01 18:30:22,1.4666666666666666
BV1nKZpYnEXy,三国杀up锐评新三国82：竟然不许！！！,吃蛋挞的折棒,8878219,1393376,12732,36709,21592,4104,892,1357,1743472800,桌游棋牌,-,游戏,0.026345365500769356,0.015496176193647659,0.0029453643524791585,2025-04-01 02:00:00,22.616666666666667
BV1s3ZbY3E3V,挑战速通曾经火遍全球的海岛奇兵？！,一叮当猫一,450882837,1359836,1944,47494,15582,8291,1953,460,1743498860,手机游戏,兄弟们 喜欢这个系列千万不要忘了多给点三连支持一下老猫 真的很感谢 想继续看务必点点三联！,游戏,0.03492627052085693,0.011458734729776238,0.0060970587629684755,2025-04-01 09:14:20,7.666666666666667
BV147ZYYXEu6,只吃一分豆多久能过关？,举个肘子呀,3546872782261197,1021178,16,6094,6139,69456,54,73,1743260661,手机游戏,-,游戏,0.005967617790434185,0.006011684544712088,0.06801556633613337,2025-03-29 15:04:21,1.2166666666666666
BV1aoZtYDEZG,蛋仔派对：新手教程暗藏地牢？幕后老大曝光，他要毁灭新手玩家！,游小浪Game,318488460,3728810,329,7455,1484,32851,152,383,1743497233,手机游戏,蛋仔派对：新手教程暗藏地牢？幕后老大曝光，他要毁灭新手玩家！,游戏,0.0019992973629656646,0.00039798219807391633,0.008810049318683441,2025-04-01 08:47:13,6.383333333333334
BV18EZzYjEhr,七个ai吗？有点意思啊,小似睡不醒,401767537,2479692,486,113812,12167,110166,28556,70,1743327955,网络游戏,-,游戏,0.045897635674107914,0.004906657762335,0.044427291776559345,2025-03-30 09:45:55,1.1666666666666667
BV1UWZtYVEee,lol愚人节彩蛋：风龙变派对龙，小兵删浏览器记录！企鹅盖伦,葡萄的叮当猫,65538469,671680,565,12524,377,819,6115,352,1743480300,电子竞技,"Music：The Party Troll - D1ofaquavibe

觉得有意思的还请多多支持~
经常更新好玩的，欢迎关注~

版本25.07 / 15.7 (PBE 2025/4/1)
关键词",游戏,0.018645783706526916,0.0005612791805621725,0.0012193306336350644,2025-04-01 04:05:00,5.866666666666666
BV1mnZqYTEYM,在游戏里复刻中国古都为什么那么难？,搅拌摩擦的石叶,834339,1002762,1816,45955,3920,12490,1340,953,1743328800,手机游戏,为什么游戏里很少见像洛圣都、巴黎、雅典那样规模的中国古代大型城市？这个视频我就来和大家聊一下，建造一个超大规模古代中国城市到底难在哪？,游戏,0.04582842189871575,0.003909202781916347,0.012455597639320198,2025-03-30 10:00:00,15.883333333333333
BV1HPZpYQEsD,好久没和白菜打LOL了,橘子怪丶,100022032,703845,1241,29517,5935,1612,650,381,1743472800,网络游戏,,游戏,0.04193679006031158,0.00843225426052611,0.00229027697859614,2025-04-01 02:00:00,6.35
BV1sQZ7Y5EEc,【星穹铁道】3.1混沌回忆（出故乡记）低金满星攻略教学，保姆级操作细节讲解+打法思路分享,墨色长安,25199503,699927,1222,17224,2048,1438,2978,682,1743401812,手机游戏,"视频制作不易，如果觉得有用可以点赞关注支持一下
星铁交流群1017067501 密码88
直播聊天群982994541",游戏,0.02460828057783169,0.0029260194277403217,0.002054499969282511,2025-03-31 06:16:52,11.366666666666667
BV1WdZJYJEaP,《玩了几天诺手治好了我三年抑郁症😋》,困困君丶,88160614,910018,504,59447,2620,993,1878,162,1743417342,电子竞技,喜欢困困玩这种操作英雄的多多转发点赞哦~爱你们❤,游戏,0.06532508148190476,0.0028790639306035706,0.0010911872072860097,2025-03-31 10:35:42,2.7
BV1qHZ4YdEUU,我们要照顾玩家情绪,细胞人Ssski,3546661754243746,815081,2664,43151,3051,3027,593,250,1743479294,手机游戏,,游戏,0.05294075067385941,0.003743186260015876,0.003713741333683401,2025-04-01 03:48:14,4.166666666666667
BV1skoDYiEjH,《研究所四连天命圈扛毒拼药0.7秒极限吃鸡》,苟着吃个梨,2112287717,1557956,8,2267,365,15499,56,249,1743142370,手机游戏,最后用属于我们苟分选手自己的方式吃鸡！,游戏,0.001455111697634593,0.00023428132758563142,0.009948291222601923,2025-03-28 06:12:50,4.15
BV12nZWYfE7F,地铁新手博尔特打法诞生，没技术也能日赚千万！,虚无-和平精英,222037579,2873870,599,24672,3856,63052,411,761,1743449046,手机游戏,觉得视频做的不错的，希望能点赞投币三连支持一下主播。非常感谢。,游戏,0.008584939471861983,0.001341744755329921,0.021939753711893717,2025-03-31 19:24:06,12.683333333333334
BV1K8ZEYEEK4,抢先体验逆战手游，这品质值得玩家等13年吗？,国电武术馆馆长,235630215,1142701,1557,15959,2338,2596,1385,414,1743394700,手机游戏,"试玩体验多，实感馆长说！
从猎场突突突到塔防“基建狂魔”
逆战手游到底香不香？
未来能否成就爆款？
请看VCR！
（P.S.：馆长也是好起来了，都吃上玛丽的饭了！）",游戏,0.013966033109273555,0.0020460295387857365,0.002271810386094,2025-03-31 04:18:20,6.9
BV1SEo9YUEx3,魂被创飞！氪穿保底？新载具摩托帅炸了！皮蛋节攻略速看,蛋仔懒涯涯,1055399865,5265172,233,45580,13186,219445,99,261,1743157525,手机游戏,"前方高能！本懒王为抽新载具「音速风暴号」狂氪双128，保底名场面惊现彩虹币刺客！三种配色摩托实测：自动翘头+360°旋转，落地漂移，附赠超实用追更教程（电视端小懒蛋必看！）

本期看点：
❶ 84币血",游戏,0.008656887182413035,0.0025043816232404184,0.041678600433186226,2025-03-28 10:25:25,4.35
BV1qtZbY8EDh,lol愚人节彩蛋：破败王无法占据琴女！石头人可将敌人R出游戏！,布锅锅,25503580,740967,380,12899,214,564,2786,203,1743492730,电子竞技,我去，刚试了下，破败王还真变不了琴女了，大加强！,游戏,0.017408332624799756,0.0002888117824410534,0.0007611675013867015,2025-04-01 07:32:10,3.3833333333333333
BV1cWZJYGERf,【克苏鲁异闻录】：这真能做麻辣兔头！？,拖更的可达鸭,1822001150,1843656,70,22135,4143,88352,109,322,1743419395,单机游戏,,游戏,0.012006035833148918,0.002247165414806233,0.04792217203209276,2025-03-31 11:09:55,5.366666666666666
BV1wDXNYfERE,《重返未来：1999》冷周六PV：注意！软着陆 （寻蛇！寻冷周六）,重返未来1999,1197454103,554433,1706,36612,8494,8398,6101,336,1743480000,手机游戏,"-相亲相爱一家蛇（9）-
🐍八号：取这个标题就能有更多人看？
🐍五号：今天不是愚人节吧？
🐍九号：看看日历，今天还真是！
🐍一号：这就是她玩消失的原因？
🐍二号（冷周六）：谁找我？

bilibili",游戏,0.06603503038239066,0.015320155907025736,0.015147006040405243,2025-04-01 04:00:00,5.6
